{
  "e303e33c52b96c12da48db19daab649529718970.png": {
    "title": "summary-icon-lga-pink.png",
    "description": "Summary clipboard",
    "source": "http://www.shutterstock.com/pic-189810137.html",
    "licence": "Shutterstock standard licence",
    "attribution": "Kritchanut",
    "tags": [
      {
        "title": "Summary",
        "_id": "5ee397b3b045644557c81b38"
      },
      {
        "title": "LGA",
        "_id": "5ee397aeb045644557c81aef"
      },
      {
        "title": "Clipboard",
        "_id": "5ee397a2b045644557c81a58"
      }
    ]
  },
  "3267fe06e17b267d0b9b38318876b879a8a7f031.jpg": {
    "title": "Rectangle placeholder image",
    "description": "Rectangle placeholder image",
    "source": "https://adaptlearning.github.io/v4demo/#/id/co-05",
    "licence": "CC0",
    "attribution": "Adapt eLearning",
    "tags": []
  },
  "6f1bb59c1c8b9c921249192561a0c5a2be603932.jpg": {
    "title": "Square image placeholder",
    "description": "Square image placeholder",
    "source": "https://adaptlearning.github.io/v4demo/#/id/co-05",
    "licence": "CC0",
    "attribution": "Adapt eLearning",
    "tags": []
  },
  "96b049a9d7f3e16988c9ed98403016e1687bd57b.png": {
    "title": "WPP Purple background",
    "description": "WPP Purple background",
    "source": "WPP",
    "licence": "All rights reserved",
    "attribution": "WPP",
    "tags": []
  },
  "716e452cab9c1f213196bbdb8065d55c0787453b.png": {
    "title": "WPP Alpha 1",
    "description": "WPP Alpha 1",
    "source": "WPP",
    "licence": "All rights reserved",
    "attribution": "WPP",
    "tags": []
  },
  "b8155ebdeae138cc3f10454df3f47f3be8d38eac.png": {
    "title": "WPP Alpha 2",
    "description": "WPP Alpha 2",
    "source": "https://wpp.com",
    "licence": "All rights reserved",
    "attribution": "WPP",
    "tags": []
  },
  "7d401ad15c4c2cb35dfe8feb89aa260ed638690f.png": {
    "title": "WPP Alpha 4 - Reverse",
    "description": "WPP Alpha 4 - Reverse",
    "source": "https://wpp.com",
    "licence": "All rights reserved",
    "attribution": "WPP",
    "tags": []
  },
  "1e7f0b046e5c18b38c707f3302ee55b6136b50e5.png": {
    "title": "WPP Alpha 5",
    "description": "WPP Alpha 5",
    "source": "https://wpp.com",
    "licence": "All rights reserved",
    "attribution": "WPP",
    "tags": []
  },
  "b5e1361770c4ce87b7a6a94dd00a970d33e0dcf1.png": {
    "title": "WPP Logo Navy",
    "description": "WPP Logo Navy",
    "source": "https://wpp.com",
    "licence": "All rights reserved",
    "attribution": "WPP",
    "tags": []
  },
  "51e57ebb8f52dffec1ee5163bdc9731d69ab31e7.png": {
    "title": "WPP Data Strategy - Diagram - 600x600.png",
    "description": "WPP Data Strategy - Diagram - 600x600.png",
    "source": "https://wpp.com",
    "licence": "All rights reserved",
    "attribution": "WPP",
    "tags": []
  },
  "3892f6ceb262db82df84ab6b0a391dc7f6631d8d.png": {
    "title": "WPP - ODI Theory of Change - Positive",
    "description": "WPP - ODI Theory of Change - Positive",
    "source": "https://theodi.org/about-the-odi/our-vision-and-manifesto/our-theory-of-change/",
    "licence": "CC-BY-SA",
    "attribution": "Adapted from the Open Data Institute's theory of change",
    "tags": []
  },
  "4c2c01ab8fdaed926d3b3ab2676a63bce118624e.png": {
    "title": "WPP People Map",
    "description": "WPP People Map",
    "source": "https://wpp.com",
    "licence": "All rights reserved",
    "attribution": "WPP",
    "tags": []
  },
  "451c6dc1e6683b6ad4c3a93fcff3b71fcdebaf6d.jpg": {
    "title": "Connected blue lights",
    "description": "Connected blue lights",
    "source": "https://www.pexels.com/photo/abstract-art-blur-bright-373543/",
    "licence": "CC0",
    "attribution": "Pixabay",
    "tags": []
  },
  "998ebc1d7c382c8b81f4422982efce0f4b27a07d.jpg": {
    "title": "Hands holding, trust, community",
    "description": "Hands holding, trust, community",
    "source": "https://www.pexels.com/photo/hands-people-friends-communication-45842/",
    "licence": "CC0",
    "attribution": "Pixabay",
    "tags": []
  },
  "98f36d50dd7f90c64222c12bcb58e2ba5b126cb4.png": {
    "title": "WPP ODI Theory of Change - Hoarding",
    "description": "WPP ODI Theory of Change - Hoarding",
    "source": "https://theodi.org",
    "licence": "CC-BY-SA",
    "attribution": "The Open Data Institute",
    "tags": []
  },
  "a35789ccc778fd791b6af032522d21382fe3bbe1.png": {
    "title": "WPP ODI Theory of Change - Fearing",
    "description": "WPP ODI Theory of Change - Fearing",
    "source": "https://theodi.org",
    "licence": "CC-BY-SA",
    "attribution": "The Open Data Institute",
    "tags": []
  },
  "c993ffb7b18386102e527ec0503cb9a554b0d50b.jpg": {
    "title": "ODI Data Ethics Canvas - Learning team derivative",
    "description": "ODI Data Ethics Canvas - Learning team derivative",
    "source": "https://theodi.org",
    "licence": "CC-BY-SA",
    "attribution": "The Open Data Institute",
    "tags": []
  },
  "7da5cb60d81ae40e7521d701ebfd687698f57418.gif": {
    "title": "ODI Data Ethics Canvas Learning team derivative",
    "description": "ODI Data Ethics Canvas Learning team derivative",
    "source": "https://drive.google.com/file/d/1O-3KPr3pmA69ZS8rnUHOTETB6nJG4u18/view?usp=sharing",
    "licence": "CC-BY-SA",
    "attribution": "The Open Data Instutute",
    "tags": []
  },
  "c653a75c0723450d17c04f8cf8a25ca22c7fb377.png": {
    "title": "WPP-Spectrum - Closed",
    "description": "WPP-Spectrum - Closed",
    "source": "https://theodi.org",
    "licence": "CC-BY-SA",
    "attribution": "The Open Data Institute",
    "tags": []
  },
  "2aa4bf0dff8b25e99602fabf2d3e4beba1439653.png": {
    "title": "WPP Spectrum",
    "description": "WPP Spectrum",
    "source": "https://theodi.org",
    "licence": "CC-BY-SA",
    "attribution": "The Open Data Institute",
    "tags": []
  },
  "fd837fbc66bc4380b0b558e3c522f0743a010a71.png": {
    "title": "WPP Spectrum - Shared",
    "description": "WPP Spectrum - Shared",
    "source": "https://theodi.org",
    "licence": "CC-BY-SA",
    "attribution": "The Open Data Institute",
    "tags": []
  },
  "60ed051578a0c26b44b280c2870416639e19c13a.png": {
    "title": "WPP Spectrum - Open",
    "description": "WPP Spectrum - Open",
    "source": "https://theodi.org",
    "licence": "CC-BY-SA",
    "attribution": "The Open Data Institute",
    "tags": []
  },
  "4b1c952d6a5688df181b60b5d80b02f8ec5bca29.jpg": {
    "title": "WPP Catalog 2",
    "description": "WPP Catalog",
    "source": "https://data.world/wppdatacatalogue/",
    "licence": "All rights reserved",
    "attribution": "WPP Open",
    "tags": []
  }
}